epoch,step,train_loss,val_loss
0,49,0.8702657222747803,
0,99,1.4512516260147095,
0,149,0.849176824092865,
0,199,1.1578222513198853,
0,249,1.575373649597168,
0,299,1.6592823266983032,
0,349,1.2896853685379028,
0,399,1.206667423248291,
0,449,0.8970766067504883,
0,499,1.587878942489624,
0,549,1.0255318880081177,
0,599,1.1311311721801758,
0,649,1.5889865159988403,
0,699,1.0026979446411133,
0,749,2.077629566192627,
0,799,1.5336111783981323,
0,849,1.824823021888733,
0,899,1.6140763759613037,
0,949,1.2662010192871094,
0,999,1.1613720655441284,
0,1049,1.0083861351013184,
0,1099,1.2150630950927734,
0,1149,1.4301979541778564,
0,1199,1.765578269958496,
0,1249,1.2710307836532593,
0,1299,0.9698983430862427,
0,1349,1.1808868646621704,
0,1399,1.031989336013794,
0,1449,1.3585536479949951,
0,1499,1.5923911333084106,
0,1549,1.565847396850586,
0,1599,1.5265270471572876,
0,1649,1.1989268064498901,
0,1699,1.1936367750167847,
0,1749,1.474347472190857,
0,1799,1.1807535886764526,
0,1849,1.0682369470596313,
0,1899,1.5422945022583008,
0,1949,1.5679283142089844,
0,1999,1.3029183149337769,
0,2049,1.0774606466293335,
0,2099,1.2587788105010986,
0,2149,0.9665522575378418,
0,2199,1.3838199377059937,
0,2249,0.8923523426055908,
0,2299,1.409993290901184,
0,2349,1.2496519088745117,
0,2399,0.6927944421768188,
0,2449,1.3529417514801025,
0,2499,1.552088737487793,
0,2549,1.0814697742462158,
0,2599,2.0937142372131348,
0,2649,1.809374451637268,
0,2699,1.186132788658142,
0,2749,1.1691374778747559,
0,2799,1.2478407621383667,
0,2849,1.5406450033187866,
0,2899,1.0934773683547974,
0,2949,1.607519268989563,
0,2999,0.8295282125473022,
0,3049,1.0731927156448364,
0,3099,1.1778227090835571,
0,3149,1.178666591644287,
0,3199,1.5894954204559326,
0,3249,1.910072684288025,
0,3299,1.0961674451828003,
0,3349,1.073284387588501,
0,3399,1.1166309118270874,
0,3449,0.9177345633506775,
0,3499,0.834193229675293,
0,3549,1.2330106496810913,
0,3599,1.4671021699905396,
0,3649,1.6060727834701538,
0,3699,1.2773208618164062,
0,3749,0.9690207242965698,
0,3799,0.7128018736839294,
0,3849,1.0939114093780518,
0,3899,0.785839855670929,
0,3949,1.4261364936828613,
0,3999,0.8062392473220825,
0,4049,1.487912893295288,
0,4099,0.9766858220100403,
0,4149,1.48613440990448,
0,4199,1.0206260681152344,
0,4249,1.3375442028045654,
0,4299,1.271300196647644,
0,4349,1.2442607879638672,
0,4399,1.5812221765518188,
0,4449,1.5236375331878662,
0,4499,1.3004977703094482,
0,4549,1.1916148662567139,
0,4599,0.7865239381790161,
0,4649,1.3110294342041016,
0,4699,2.1106181144714355,
0,4749,2.017310619354248,
0,4799,2.2632126808166504,
0,4849,0.6661198139190674,
0,4899,1.4254987239837646,
0,4949,1.4179165363311768,
0,4999,0.7806486487388611,
0,5049,1.144330620765686,
0,5099,0.6545929908752441,
0,5149,1.2671033143997192,
0,5199,1.1323821544647217,
0,5249,0.9290273785591125,
0,5299,1.344528317451477,
0,5349,1.880989909172058,
0,5399,1.01823091506958,
0,5449,2.236004114151001,
0,5499,0.8991486430168152,
0,5549,1.2555032968521118,
0,5599,1.7559462785720825,
0,5649,1.152291178703308,
0,5699,1.173606276512146,
0,5749,1.390445590019226,
0,5799,1.2202624082565308,
0,5849,1.8959031105041504,
0,5899,1.4157934188842773,
0,5949,1.1856309175491333,
0,5999,1.8293529748916626,
0,6049,1.0800518989562988,
0,6099,1.6083004474639893,
0,6149,1.9350309371948242,
0,6199,1.4008361101150513,
0,6249,2.5553364753723145,
0,6299,1.5948426723480225,
0,6349,1.178199291229248,
0,6399,1.271087408065796,
0,6449,1.818287968635559,
0,6499,0.9620550274848938,
0,6549,1.7611205577850342,
0,6599,1.123170018196106,
0,6649,0.7522202730178833,
0,6699,1.629351019859314,
0,6749,1.1900657415390015,
0,6799,1.3283097743988037,
0,6849,1.0169044733047485,
0,6899,1.085375428199768,
0,6949,1.2854968309402466,
0,6999,1.5787066221237183,
0,7049,0.8851047158241272,
0,7099,1.2412147521972656,
0,7149,1.084959864616394,
0,7199,1.3907238245010376,
0,7249,0.4145052134990692,
0,7299,1.3590999841690063,
0,7349,1.5627800226211548,
0,7399,0.6080098152160645,
0,7449,1.0417675971984863,
0,7499,0.8663721680641174,
0,7549,0.5266596078872681,
0,7599,0.9315834641456604,
0,7649,1.416390299797058,
0,7699,1.1605556011199951,
0,7749,0.7773109674453735,
0,7799,0.776097297668457,
0,7849,1.5977821350097656,
0,7899,2.2043535709381104,
0,7949,1.0807945728302002,
0,7999,1.4453617334365845,
0,8049,1.4479155540466309,
0,8099,0.9962357878684998,
0,8149,0.7654149532318115,
0,8199,1.4593710899353027,
0,8249,1.2223631143569946,
0,8299,1.7523918151855469,
0,8349,1.3477307558059692,
0,8399,1.3287278413772583,
0,8449,1.064326524734497,
0,8499,1.2246012687683105,
0,8549,1.7741631269454956,
0,8599,1.028545618057251,
0,8649,1.699904203414917,
0,8699,1.3306801319122314,
0,8749,0.8012949824333191,
0,8799,1.0758165121078491,
0,8849,1.1609392166137695,
0,8899,1.0154591798782349,
0,8949,1.3337136507034302,
0,8999,1.20548677444458,
0,9049,1.3584309816360474,
0,9099,0.5982522964477539,
0,9149,1.6681674718856812,
0,9199,1.303434133529663,
0,9249,0.8152903914451599,
0,9299,0.7718842029571533,
0,9349,0.8136986494064331,
0,9399,1.2565029859542847,
0,9449,1.9867024421691895,
0,9499,1.3952916860580444,
0,9549,1.2778167724609375,
0,9599,1.8400356769561768,
0,9649,1.1024699211120605,
0,9699,1.4492884874343872,
0,9749,1.4235469102859497,
0,9799,1.639689326286316,
0,9849,1.057827115058899,
0,9899,1.0355432033538818,
0,9949,1.5472402572631836,
0,9999,1.0366594791412354,
0,10049,1.7069441080093384,
0,10099,1.3038427829742432,
0,10149,1.7247939109802246,
0,10199,0.7969978451728821,
0,10249,0.8834604620933533,
0,10299,1.8160605430603027,
0,10349,1.7434542179107666,
0,10399,1.3678052425384521,
0,10449,0.6419548988342285,
0,10499,0.8706141114234924,
0,10549,1.313697338104248,
0,10599,1.0285390615463257,
0,10649,1.5938085317611694,
0,10699,1.2744697332382202,
0,10749,1.2300336360931396,
0,10799,1.4876807928085327,
0,10849,1.0477858781814575,
0,10899,1.1025902032852173,
0,10949,1.4762364625930786,
0,10999,1.587453007698059,
0,11049,0.5532435178756714,
0,11099,1.4628958702087402,
0,11149,1.5544359683990479,
0,11199,0.6787410974502563,
0,11249,1.5629491806030273,
0,11299,1.8175861835479736,
0,11349,1.3749128580093384,
0,11399,1.2551668882369995,
0,11449,1.4131338596343994,
0,11499,1.4515681266784668,
0,11549,1.309106707572937,
0,11599,0.9120451807975769,
0,11649,1.3482555150985718,
0,11699,1.1122087240219116,
0,11749,1.2603263854980469,
0,11799,1.4295843839645386,
0,11849,1.0757896900177002,
0,11899,1.2587549686431885,
0,11949,1.1233925819396973,
0,11999,0.6432421207427979,
0,12049,1.0296865701675415,
0,12099,0.9081199765205383,
0,12149,0.9774667620658875,
0,12199,1.1550865173339844,
0,12249,1.037436842918396,
0,12299,2.401190996170044,
0,12349,0.9024436473846436,
0,12399,0.890009880065918,
0,12449,1.3017860651016235,
0,12463,,1.3229137659072876
1,12499,0.8719321489334106,
1,12549,1.3383402824401855,
1,12599,0.5501711964607239,
1,12649,1.0222477912902832,
1,12699,1.2083337306976318,
1,12749,1.012169361114502,
1,12799,0.7573832869529724,
1,12849,1.419089913368225,
1,12899,0.6916143894195557,
1,12949,0.743137001991272,
1,12999,0.7104547619819641,
1,13049,0.7077476382255554,
1,13099,0.80848228931427,
1,13149,0.6796669960021973,
1,13199,0.7199832201004028,
1,13249,0.7605094313621521,
1,13299,0.8650186061859131,
1,13349,0.9145506620407104,
1,13399,0.9658782482147217,
1,13449,0.8431375622749329,
1,13499,1.3951537609100342,
1,13549,0.74900883436203,
1,13599,0.9076381325721741,
1,13649,1.0161726474761963,
1,13699,0.814171552658081,
1,13749,0.9156842827796936,
1,13799,0.5901340246200562,
1,13849,0.7194815874099731,
1,13899,1.016562819480896,
1,13949,0.8882690072059631,
1,13999,0.7384268045425415,
1,14049,1.0027819871902466,
1,14099,1.1594765186309814,
1,14149,0.5888091325759888,
1,14199,0.9207656383514404,
1,14249,1.0357540845870972,
1,14299,0.6122117042541504,
1,14349,0.7739247679710388,
1,14399,0.7086774110794067,
1,14449,0.6256551742553711,
1,14499,0.6311923265457153,
1,14549,0.6969847083091736,
1,14599,1.3743598461151123,
1,14649,0.7736755609512329,
1,14699,0.9032330513000488,
1,14749,1.0920394659042358,
1,14799,0.7135041356086731,
1,14849,0.7206851243972778,
1,14899,0.6830212473869324,
1,14949,0.8933155536651611,
1,14999,0.7506042718887329,
1,15049,0.49699628353118896,
1,15099,0.8589253425598145,
1,15149,0.4604170620441437,
1,15199,0.8358347415924072,
1,15249,0.4744531810283661,
1,15299,1.4744006395339966,
1,15349,0.6892995238304138,
1,15399,0.47815704345703125,
1,15449,0.7338846325874329,
1,15499,0.7641549706459045,
1,15549,0.735283613204956,
1,15599,0.7724160552024841,
1,15649,0.734725832939148,
1,15699,0.8830499649047852,
1,15749,0.6814246773719788,
1,15799,0.8642359375953674,
1,15849,0.5228040218353271,
1,15899,1.1224257946014404,
1,15949,1.0958044528961182,
1,15999,0.9695165157318115,
1,16049,0.6341177225112915,
1,16099,1.0524863004684448,
1,16149,1.0221521854400635,
1,16199,0.7859529256820679,
1,16249,0.7759560346603394,
1,16299,0.8550715446472168,
1,16349,0.6807380318641663,
1,16399,0.6070151925086975,
1,16449,0.7759652137756348,
1,16499,0.7707153558731079,
1,16549,1.0189396142959595,
1,16599,0.5260337591171265,
1,16649,0.34375303983688354,
1,16699,0.876253604888916,
1,16749,0.6644296646118164,
1,16799,1.0711718797683716,
1,16849,1.1183531284332275,
1,16899,0.8504428267478943,
1,16949,0.6734177470207214,
1,16999,0.624045729637146,
1,17049,0.7346671223640442,
1,17099,1.146071434020996,
1,17149,1.00961434841156,
1,17199,1.3002665042877197,
1,17249,0.3009408116340637,
1,17299,0.7580044269561768,
1,17349,1.0902823209762573,
1,17399,0.7012223601341248,
1,17449,1.130523920059204,
1,17499,0.6306138038635254,
1,17549,0.880448579788208,
1,17599,1.2512964010238647,
1,17649,0.5653778314590454,
1,17699,0.7674640417098999,
1,17749,0.7905601263046265,
1,17799,0.8853508830070496,
1,17849,0.31669750809669495,
1,17899,0.33774861693382263,
1,17949,0.3950243294239044,
1,17999,1.0651462078094482,
1,18049,0.42528656125068665,
1,18099,0.6786410212516785,
1,18149,0.9620814323425293,
1,18199,0.7716872096061707,
1,18249,0.8376570343971252,
1,18299,0.707711935043335,
1,18349,1.0031318664550781,
1,18399,0.83338463306427,
1,18449,0.5200227499008179,
1,18499,0.6997033357620239,
1,18549,0.6979840993881226,
1,18599,0.47067275643348694,
1,18649,0.8217920064926147,
1,18699,0.5785431861877441,
1,18749,1.0014839172363281,
1,18799,0.566473662853241,
1,18849,0.9670673608779907,
1,18899,0.5480817556381226,
1,18949,0.534942090511322,
1,18999,1.0940239429473877,
1,19049,0.7116313576698303,
1,19099,0.8307740092277527,
1,19149,0.6539357304573059,
1,19199,1.0891362428665161,
1,19249,0.7650754451751709,
1,19299,0.6282284259796143,
1,19349,0.5412808656692505,
1,19399,0.4484824538230896,
1,19449,0.7744573354721069,
1,19499,0.7718691229820251,
1,19549,1.3872464895248413,
1,19599,1.3559199571609497,
1,19649,1.0258502960205078,
1,19699,0.7944955229759216,
1,19749,0.782076358795166,
1,19799,0.6052625775337219,
1,19849,0.22187456488609314,
1,19899,1.349084496498108,
1,19949,0.43315473198890686,
1,19999,0.950007438659668,
1,20049,0.8906846642494202,
1,20099,0.9310183525085449,
1,20149,0.7090632319450378,
1,20199,0.6334044337272644,
1,20249,0.9676418900489807,
1,20299,0.7864986062049866,
1,20349,0.4839620888233185,
1,20399,0.7872055172920227,
1,20449,0.6320995092391968,
1,20499,1.223385214805603,
1,20549,0.5677121877670288,
1,20599,0.9062854647636414,
1,20649,0.7181845903396606,
1,20699,0.525496244430542,
1,20749,0.8028036952018738,
1,20799,1.0474636554718018,
1,20849,1.2345298528671265,
1,20899,0.3645687699317932,
1,20949,1.0697509050369263,
1,20999,1.3912433385849,
1,21049,0.9075980186462402,
1,21099,0.46659043431282043,
1,21149,0.39360031485557556,
1,21199,0.9868773221969604,
1,21249,0.6947849988937378,
1,21299,0.5468123555183411,
1,21349,0.4342603087425232,
1,21399,0.6392120718955994,
1,21449,0.9701473712921143,
1,21499,0.5793432593345642,
1,21549,1.1299784183502197,
1,21599,0.41896912455558777,
1,21649,0.8073724508285522,
1,21699,0.7074180245399475,
1,21749,0.7945218682289124,
1,21799,0.3077791631221771,
1,21849,0.9032016396522522,
1,21899,0.8516218662261963,
1,21949,0.5532792806625366,
1,21999,0.708275318145752,
1,22049,0.8916098475456238,
1,22099,0.7102909684181213,
1,22149,0.6422181725502014,
1,22199,1.0698471069335938,
1,22249,0.8218660950660706,
1,22299,0.547544002532959,
1,22349,0.5650319457054138,
1,22399,0.5180012583732605,
1,22449,0.6611355543136597,
1,22499,1.1193211078643799,
1,22549,1.0321457386016846,
1,22599,1.1022123098373413,
1,22649,0.6378412842750549,
1,22699,0.9937767386436462,
1,22749,0.9037805795669556,
1,22799,0.8982117176055908,
1,22849,0.9418138265609741,
1,22899,0.41580426692962646,
1,22949,1.0153961181640625,
1,22999,0.8334431052207947,
1,23049,1.0498241186141968,
1,23099,0.5757468342781067,
1,23149,0.8009775876998901,
1,23199,1.2181658744812012,
1,23249,0.9245521426200867,
1,23299,0.6704770922660828,
1,23349,0.8623930215835571,
1,23399,0.9296673536300659,
1,23449,0.607354998588562,
1,23499,0.7670191526412964,
1,23549,0.476771742105484,
1,23599,0.5111694931983948,
1,23649,1.1157368421554565,
1,23699,0.7579765915870667,
1,23749,0.5842751860618591,
1,23799,0.6568009853363037,
1,23849,0.6069320440292358,
1,23899,0.8457030057907104,
1,23949,0.9014161825180054,
1,23999,0.818831741809845,
1,24049,0.4954128563404083,
1,24099,0.7333681583404541,
1,24149,0.4206509292125702,
1,24199,0.5400094389915466,
1,24249,0.9283502697944641,
1,24299,0.6245695948600769,
1,24349,0.6795474886894226,
1,24399,0.6587628126144409,
1,24449,1.292858362197876,
1,24499,0.841587483882904,
1,24549,0.7797080278396606,
1,24599,0.7621967196464539,
1,24649,0.47465357184410095,
1,24699,0.8048619031906128,
1,24749,0.4066086411476135,
1,24799,1.0196669101715088,
1,24849,0.6788769960403442,
1,24899,0.6782112717628479,
1,24927,,1.4497199058532715
2,24949,0.7470223307609558,
2,24999,0.4165214002132416,
2,25049,0.7342545390129089,
2,25099,0.4956013560295105,
2,25149,0.5764070153236389,
2,25199,0.6085682511329651,
2,25249,0.9110175371170044,
2,25299,0.3231258690357208,
2,25349,0.40572232007980347,
2,25399,0.6981473565101624,
2,25449,0.19486822187900543,
2,25499,0.7684226632118225,
2,25549,0.5560413599014282,
2,25599,0.6910616159439087,
2,25649,0.747368335723877,
2,25699,0.6554341912269592,
2,25749,0.5417835712432861,
2,25799,0.6923872828483582,
2,25849,0.3189510405063629,
2,25899,0.3469659090042114,
2,25949,0.5524444580078125,
2,25999,0.6174796223640442,
2,26049,0.9936078786849976,
2,26099,0.42881882190704346,
2,26149,0.5489352345466614,
2,26199,0.8223134279251099,
2,26249,0.5115733742713928,
2,26299,0.454454243183136,
2,26349,0.8310101628303528,
2,26399,0.6894781589508057,
2,26449,0.20409592986106873,
2,26499,0.5144996643066406,
2,26549,0.4319251477718353,
2,26599,0.3825802803039551,
2,26649,1.259299874305725,
2,26699,0.7500931024551392,
2,26749,0.35944634675979614,
2,26799,0.4763832688331604,
2,26849,0.8434434533119202,
2,26899,0.6809372305870056,
2,26949,0.5595143437385559,
2,26999,0.6569421887397766,
2,27049,0.5595777630805969,
2,27099,0.9985700845718384,
2,27149,0.7719975113868713,
2,27199,0.6610825061798096,
2,27249,0.6796356439590454,
2,27299,0.4824922978878021,
2,27349,0.6210605502128601,
2,27399,0.517276406288147,
2,27449,0.4849693179130554,
2,27499,0.3324791193008423,
2,27549,0.21228481829166412,
2,27599,0.6589158177375793,
2,27649,0.6203568577766418,
2,27699,0.8441322445869446,
2,27749,0.4069485068321228,
2,27799,0.8050941824913025,
2,27849,0.23849815130233765,
2,27899,0.31759288907051086,
2,27949,0.4533023238182068,
2,27999,0.46053752303123474,
2,28049,0.37442728877067566,
2,28099,0.550534725189209,
2,28149,0.5284411907196045,
2,28199,0.582770586013794,
2,28249,0.6062894463539124,
2,28299,0.43394961953163147,
2,28349,1.026409387588501,
2,28399,0.7458003759384155,
2,28449,0.3528486490249634,
2,28499,0.8650657534599304,
2,28549,0.5641518831253052,
2,28599,0.43824532628059387,
2,28649,0.1529892534017563,
2,28699,0.45299237966537476,
2,28749,0.3552309274673462,
2,28799,0.5030478835105896,
2,28849,0.6312958002090454,
2,28899,0.3681953251361847,
2,28949,0.37057769298553467,
2,28999,0.2790294587612152,
2,29049,0.5097070336341858,
2,29099,0.7570702433586121,
2,29149,0.7270557880401611,
2,29199,0.6831589341163635,
2,29249,0.479306161403656,
2,29299,0.34669047594070435,
2,29349,0.7154920101165771,
2,29399,0.8851495981216431,
2,29449,0.4816744923591614,
2,29499,0.15739841759204865,
2,29549,0.4198510944843292,
2,29599,0.2716321349143982,
2,29649,0.4030405580997467,
2,29699,0.44551190733909607,
2,29749,0.544051468372345,
2,29799,0.5407934188842773,
2,29849,0.7022677063941956,
2,29899,0.3423835039138794,
2,29949,0.9103504419326782,
2,29999,0.9898216128349304,
2,30049,1.1265077590942383,
2,30099,0.47201016545295715,
2,30149,0.6905609369277954,
2,30199,0.7079339027404785,
2,30249,0.5906256437301636,
2,30299,0.4149290919303894,
2,30349,0.603132963180542,
2,30399,1.0227036476135254,
2,30449,0.3287960886955261,
2,30499,0.43219542503356934,
2,30549,0.8800479769706726,
2,30599,1.146911382675171,
2,30649,0.4576350748538971,
2,30699,0.5760146379470825,
2,30749,0.42181482911109924,
2,30799,0.3594859838485718,
2,30849,0.8678034543991089,
2,30899,0.4329836666584015,
2,30949,0.2724256217479706,
2,30999,0.25688427686691284,
2,31049,0.71498703956604,
2,31099,0.7839881181716919,
2,31149,0.5321982502937317,
2,31199,0.7451217770576477,
2,31249,0.32349491119384766,
2,31299,0.23377849161624908,
2,31349,0.5858718156814575,
2,31399,0.33279743790626526,
2,31449,0.3900505304336548,
2,31499,0.6808081865310669,
2,31549,0.3228396475315094,
2,31599,0.5039362907409668,
2,31649,0.4458310604095459,
2,31699,0.8059989213943481,
2,31749,0.5349636077880859,
2,31799,0.33809390664100647,
2,31849,0.4091576337814331,
2,31899,0.3846380114555359,
2,31949,0.480263352394104,
2,31999,0.2049885094165802,
2,32049,0.7148245573043823,
2,32099,0.6226610541343689,
2,32149,0.8726481795310974,
2,32199,0.3049774765968323,
2,32249,0.30480459332466125,
2,32299,0.5141462087631226,
2,32349,0.5087000727653503,
2,32399,0.36815503239631653,
2,32449,0.3271758258342743,
2,32499,0.3609101176261902,
2,32549,1.0684127807617188,
2,32599,0.3208731412887573,
2,32649,0.4640142023563385,
2,32699,0.2974070906639099,
2,32749,0.6409376859664917,
2,32799,0.5334620475769043,
2,32849,0.3881080150604248,
2,32899,0.6839933395385742,
2,32949,0.7138118147850037,
2,32999,0.9958267211914062,
2,33049,0.5196597576141357,
2,33099,1.1495262384414673,
2,33149,0.28212350606918335,
2,33199,0.6544033288955688,
2,33249,0.4677754342556,
2,33299,0.28089606761932373,
2,33349,0.3125063478946686,
2,33399,0.5652412176132202,
2,33449,0.4459894001483917,
2,33499,0.39828160405158997,
2,33549,0.5125289559364319,
2,33599,0.3484221398830414,
2,33649,0.6081028580665588,
2,33699,0.35913509130477905,
2,33749,0.6122416853904724,
2,33799,0.3751516342163086,
2,33849,0.6269767880439758,
2,33899,0.43246620893478394,
2,33949,0.5708754062652588,
2,33999,0.6315524578094482,
2,34049,0.8899770975112915,
2,34099,0.7069240808486938,
2,34149,0.2987963855266571,
2,34199,0.5781817436218262,
2,34249,0.6939497590065002,
2,34299,0.3950487971305847,
2,34349,0.5384052991867065,
2,34399,0.3497801721096039,
2,34449,0.2853492200374603,
2,34499,0.5932466983795166,
2,34549,0.6824297308921814,
2,34599,0.2641933858394623,
2,34649,0.4091261923313141,
2,34699,1.0213247537612915,
2,34749,0.8601902723312378,
2,34799,0.5806092023849487,
2,34849,0.5203628540039062,
2,34899,0.4684758186340332,
2,34949,0.3252517282962799,
2,34999,0.3888484239578247,
2,35049,0.22737418115139008,
2,35099,0.3237074613571167,
2,35149,0.3020527958869934,
2,35199,0.4691430926322937,
2,35249,0.9110835194587708,
2,35299,0.1882934868335724,
2,35349,0.3026789128780365,
2,35399,0.5704618096351624,
2,35449,0.4001788794994354,
2,35499,0.25948476791381836,
2,35549,0.2672506272792816,
2,35599,0.4617651700973511,
2,35649,0.4834466576576233,
2,35699,0.7927528023719788,
2,35749,0.7432942986488342,
2,35799,0.25857654213905334,
2,35849,0.8084156513214111,
2,35899,0.7330946326255798,
2,35949,0.33670714497566223,
2,35999,0.3215274214744568,
2,36049,0.5298745632171631,
2,36099,0.5512982606887817,
2,36149,0.3685790002346039,
2,36199,1.037231206893921,
2,36249,0.6654059290885925,
2,36299,0.4668905735015869,
2,36349,0.7829447984695435,
2,36399,0.3363894820213318,
2,36449,0.6653372049331665,
2,36499,0.6163859367370605,
2,36549,0.3111831843852997,
2,36599,0.6084173321723938,
2,36649,0.7981563806533813,
2,36699,0.6516507863998413,
2,36749,0.44031214714050293,
2,36799,0.5971731543540955,
2,36849,0.78437340259552,
2,36899,0.29471737146377563,
2,36949,0.3098068833351135,
2,36999,0.672535240650177,
2,37049,0.4467637538909912,
2,37099,0.5343348979949951,
2,37149,0.2976043224334717,
2,37199,0.604445219039917,
2,37249,0.6872500777244568,
2,37299,0.2797475755214691,
2,37349,0.20699913799762726,
2,37391,,1.6936750411987305
3,37399,0.2487650364637375,
3,37449,0.21041151881217957,
3,37499,0.34484580159187317,
3,37549,0.3453404903411865,
3,37599,0.48397132754325867,
3,37649,0.6480855345726013,
3,37699,0.3310699462890625,
3,37749,0.3367459177970886,
3,37799,0.5804539322853088,
3,37849,0.5894753336906433,
3,37899,0.3685395121574402,
3,37949,0.3105860948562622,
3,37999,0.3384823501110077,
3,38049,0.32508188486099243,
3,38099,0.2453649342060089,
3,38149,0.30906644463539124,
3,38199,0.5154979228973389,
3,38249,0.36103543639183044,
3,38299,0.2583118677139282,
3,38349,0.6972197890281677,
3,38399,0.25531312823295593,
3,38449,0.41783392429351807,
3,38499,0.3260934352874756,
3,38549,0.2052507996559143,
3,38599,0.3927420973777771,
3,38649,0.35427799820899963,
3,38699,0.2860749661922455,
3,38749,0.2786022424697876,
3,38799,0.4759898781776428,
3,38849,0.22656655311584473,
3,38899,0.3725956380367279,
3,38949,0.45537069439888,
3,38999,0.27862292528152466,
3,39049,0.12971286475658417,
3,39099,0.28144747018814087,
3,39149,0.41716089844703674,
3,39199,0.3439018130302429,
3,39249,0.24003839492797852,
3,39299,0.20694589614868164,
3,39349,0.3977116048336029,
3,39399,0.16362972557544708,
3,39449,0.28360798954963684,
3,39499,0.28573256731033325,
3,39549,0.5188739895820618,
3,39599,0.3978068232536316,
3,39649,0.3732314705848694,
3,39699,0.23143845796585083,
3,39749,0.3958313763141632,
3,39799,0.46273404359817505,
3,39849,0.8187119960784912,
3,39899,0.4605022966861725,
3,39949,0.3932732343673706,
3,39999,0.5513290762901306,
3,40049,0.4146970808506012,
3,40099,0.1981615573167801,
3,40149,0.9142324924468994,
3,40199,0.3039414882659912,
3,40249,0.2981277108192444,
3,40299,0.4423976540565491,
3,40349,0.3289521634578705,
3,40399,0.8145667314529419,
3,40449,0.3345547914505005,
3,40499,0.44422799348831177,
3,40549,0.3037033677101135,
3,40599,0.4559310972690582,
3,40649,0.4864051640033722,
3,40699,0.30960190296173096,
3,40749,0.28985071182250977,
3,40799,0.5358178615570068,
3,40849,0.5438358783721924,
3,40899,0.3406777083873749,
3,40949,0.42446932196617126,
3,40999,0.2927354574203491,
3,41049,0.36482521891593933,
3,41099,0.13260194659233093,
3,41149,0.4167071580886841,
3,41199,0.2410009205341339,
3,41249,0.34825387597084045,
3,41299,0.4634130895137787,
3,41349,0.6758919358253479,
3,41399,0.3806190490722656,
3,41449,0.3358159065246582,
3,41499,0.5758214592933655,
3,41549,0.06465952098369598,
3,41599,0.560710072517395,
3,41649,0.3454263508319855,
3,41699,0.28047993779182434,
3,41749,0.19014090299606323,
3,41799,0.33220407366752625,
3,41849,0.3457656800746918,
3,41899,0.2911791503429413,
3,41949,0.309558242559433,
3,41999,0.328874409198761,
3,42049,0.31800010800361633,
3,42099,0.17110982537269592,
3,42149,0.3343549370765686,
3,42199,0.4116271138191223,
3,42249,0.5450276136398315,
3,42299,0.2841767370700836,
3,42349,0.43174776434898376,
3,42399,0.563953697681427,
3,42449,0.2450842708349228,
3,42499,0.5118461847305298,
3,42549,0.19312462210655212,
3,42599,0.24044311046600342,
3,42649,0.29691916704177856,
3,42699,0.31035852432250977,
3,42749,0.8036346435546875,
3,42799,0.25204998254776,
3,42849,0.5327585339546204,
3,42899,0.245417520403862,
3,42949,0.2662011384963989,
3,42999,0.26413848996162415,
3,43049,0.23804515600204468,
3,43099,0.1118311733007431,
3,43149,0.5071332454681396,
3,43199,0.3457726836204529,
3,43249,0.14145341515541077,
3,43299,0.19993413984775543,
3,43349,0.3383670449256897,
3,43399,0.46748748421669006,
3,43449,0.1597014218568802,
3,43499,0.4943233132362366,
3,43549,0.5364581346511841,
3,43599,0.19316354393959045,
3,43649,0.1952369660139084,
3,43699,0.6116093993186951,
3,43749,0.3390129804611206,
3,43799,0.13841930031776428,
3,43849,0.6017097234725952,
3,43899,0.4207814335823059,
3,43949,0.43059852719306946,
3,43999,0.3634495735168457,
3,44049,0.5357508659362793,
3,44099,0.17789456248283386,
3,44149,0.19949327409267426,
3,44199,0.42273253202438354,
3,44249,0.359022319316864,
3,44299,0.32308119535446167,
3,44349,0.33570343255996704,
3,44399,0.3050375282764435,
3,44449,0.45882174372673035,
3,44499,0.25649499893188477,
3,44549,0.32221585512161255,
3,44599,0.4990402162075043,
3,44649,0.20794132351875305,
3,44699,0.08073560893535614,
3,44749,0.266091525554657,
3,44799,0.3575330078601837,
3,44849,0.27099454402923584,
3,44899,0.2721840441226959,
3,44949,0.6699467301368713,
3,44999,0.1542351245880127,
3,45049,0.31533193588256836,
3,45099,0.1621074676513672,
3,45149,0.18038387596607208,
3,45199,0.40119147300720215,
3,45249,0.42342957854270935,
3,45299,0.2562175691127777,
3,45349,0.4217059016227722,
3,45399,0.30360147356987,
3,45449,0.2823426127433777,
3,45499,0.34185591340065,
3,45549,0.413068026304245,
3,45599,0.3413732051849365,
3,45649,0.6097533106803894,
3,45699,0.4477030634880066,
3,45749,0.5662145018577576,
3,45799,0.23695728182792664,
3,45849,0.13905896246433258,
3,45899,0.22379070520401,
3,45949,0.39437752962112427,
3,45999,0.19778798520565033,
3,46049,0.5276040434837341,
3,46099,0.2663310170173645,
3,46149,0.07466942071914673,
3,46199,0.38991376757621765,
3,46249,0.3709649443626404,
3,46299,0.571161687374115,
3,46349,0.11671295017004013,
3,46399,0.7691593170166016,
3,46449,0.1490010768175125,
3,46499,0.3899034261703491,
3,46549,0.2826325297355652,
3,46599,0.5910356640815735,
3,46649,0.3312038779258728,
3,46699,0.1935712695121765,
3,46749,0.5422935485839844,
3,46799,0.32333409786224365,
3,46849,0.15058346092700958,
3,46899,0.3248751163482666,
3,46949,0.3587285578250885,
3,46999,0.3303378224372864,
3,47049,0.24636662006378174,
3,47099,0.37874096632003784,
3,47149,0.22996817529201508,
3,47199,0.3877747356891632,
3,47249,0.12473851442337036,
3,47299,0.17469540238380432,
3,47349,0.4924836754798889,
3,47399,0.3204212784767151,
3,47449,0.2896077036857605,
3,47499,0.3428816795349121,
3,47549,0.5981642603874207,
3,47599,0.4565281569957733,
3,47649,0.40526875853538513,
3,47699,0.316312700510025,
3,47749,0.4872726798057556,
3,47799,0.24876399338245392,
3,47849,0.13943222165107727,
3,47899,0.18807180225849152,
3,47949,0.1330554187297821,
3,47999,0.25015988945961,
3,48049,0.6042125821113586,
3,48099,0.21598058938980103,
3,48149,0.1858551949262619,
3,48199,0.2965092062950134,
3,48249,0.3563448190689087,
3,48299,0.2797433137893677,
3,48349,0.4816115200519562,
3,48399,0.3483467996120453,
3,48449,0.5056405663490295,
3,48499,0.29359084367752075,
3,48549,0.3312593996524811,
3,48599,0.0993972048163414,
3,48649,0.8265160918235779,
3,48699,0.5274847149848938,
3,48749,0.12415769696235657,
3,48799,0.30079421401023865,
3,48849,0.2790248394012451,
3,48899,0.4362539052963257,
3,48949,0.47521471977233887,
3,48999,0.2585294544696808,
3,49049,0.5596145987510681,
3,49099,0.2120634764432907,
3,49149,0.22177520394325256,
3,49199,0.2594444155693054,
3,49249,0.6312459111213684,
3,49299,0.18943671882152557,
3,49349,0.2585982382297516,
3,49399,0.19346657395362854,
3,49449,0.20292282104492188,
3,49499,0.2673191726207733,
3,49549,0.28121674060821533,
3,49599,0.5970064401626587,
3,49649,0.35281556844711304,
3,49699,0.46473872661590576,
3,49749,0.25222185254096985,
3,49799,0.4786354601383209,
3,49849,0.3599991500377655,
3,49855,,1.9876558780670166
4,49899,0.20209121704101562,
4,49949,0.17658331990242004,
4,49999,0.44038477540016174,
4,50049,0.17170029878616333,
4,50099,0.21311558783054352,
4,50149,0.4141846299171448,
4,50199,0.1816745549440384,
4,50249,0.2688368558883667,
4,50299,0.15372690558433533,
4,50349,0.5912789106369019,
4,50399,0.21307063102722168,
4,50449,0.2280808687210083,
4,50499,0.11567918956279755,
4,50549,0.2611737847328186,
4,50599,0.28888896107673645,
4,50649,0.0680186077952385,
4,50699,0.13468052446842194,
4,50749,0.2379760444164276,
4,50799,0.08022252470254898,
4,50849,0.1559194177389145,
4,50899,0.06802578270435333,
4,50949,0.19162015616893768,
4,50999,0.39090490341186523,
4,51049,0.31954342126846313,
4,51099,0.2595342993736267,
4,51149,0.08710068464279175,
4,51199,0.1405772715806961,
4,51249,0.28691354393959045,
4,51299,0.28800341486930847,
4,51349,0.2236710637807846,
4,51399,0.18037918210029602,
4,51449,0.23869043588638306,
4,51499,0.359571635723114,
4,51549,0.1766596883535385,
4,51599,0.2162228524684906,
4,51649,0.1872602254152298,
4,51699,0.21419373154640198,
4,51749,0.1921454519033432,
4,51799,0.23370575904846191,
4,51849,0.28335997462272644,
4,51899,0.353307843208313,
4,51949,0.1934528648853302,
4,51999,0.0899566262960434,
4,52049,0.2626672387123108,
4,52099,0.27938804030418396,
4,52149,0.23662306368350983,
4,52199,0.4470118284225464,
4,52249,0.5249159932136536,
4,52299,0.13463814556598663,
4,52349,0.2950579524040222,
4,52399,0.39307671785354614,
4,52449,0.160599023103714,
4,52499,0.3605804741382599,
4,52549,0.09805040061473846,
4,52599,0.09692564606666565,
4,52649,0.28974857926368713,
4,52699,0.3652490973472595,
4,52749,0.17772094905376434,
4,52799,0.207344189286232,
4,52849,0.14304040372371674,
4,52899,0.17570847272872925,
4,52949,0.2677364647388458,
4,52999,0.13245806097984314,
4,53049,0.22183334827423096,
4,53099,0.08510635793209076,
4,53149,0.21232447028160095,
4,53199,0.3732617199420929,
4,53249,0.14709655940532684,
4,53299,0.23221834003925323,
4,53349,0.24771133065223694,
4,53399,0.0904778316617012,
4,53449,0.20757116377353668,
4,53499,0.2930085062980652,
4,53549,0.20453102886676788,
4,53599,0.22947542369365692,
4,53649,0.24611973762512207,
4,53699,0.32420212030410767,
4,53749,0.25001582503318787,
4,53799,0.25772255659103394,
4,53849,0.2171621322631836,
4,53899,0.3719831705093384,
4,53949,0.169775128364563,
4,53999,0.17808055877685547,
4,54049,0.43394455313682556,
4,54099,0.27826935052871704,
4,54149,0.26702049374580383,
4,54199,0.22117683291435242,
4,54249,0.09472714364528656,
4,54299,0.29542988538742065,
4,54349,0.26021066308021545,
4,54399,0.1134829968214035,
4,54449,0.3507576882839203,
4,54499,0.3290732502937317,
4,54549,0.31726309657096863,
4,54599,0.5916581153869629,
4,54649,0.07726499438285828,
4,54699,0.3717617988586426,
4,54749,0.12526892125606537,
4,54799,0.24791966378688812,
4,54849,0.15094779431819916,
4,54899,0.3185023069381714,
4,54949,0.18233850598335266,
4,54999,0.1963270902633667,
4,55049,0.08399321138858795,
4,55099,0.372971773147583,
4,55149,0.21788251399993896,
4,55199,0.3135015368461609,
4,55249,0.1615002304315567,
4,55299,0.24006803333759308,
4,55349,0.07959742099046707,
4,55399,0.23993965983390808,
4,55449,0.1641233265399933,
4,55499,0.20341624319553375,
4,55549,0.07744815945625305,
4,55599,0.11426778882741928,
4,55649,0.2554446756839752,
4,55699,0.15390326082706451,
4,55749,0.2498304694890976,
4,55799,0.08932914584875107,
4,55849,0.16218224167823792,
4,55899,0.2661077082157135,
4,55949,0.4009179472923279,
4,55999,0.2291339486837387,
4,56049,0.19440852105617523,
4,56099,0.09921559691429138,
4,56149,0.20128999650478363,
4,56199,0.16775064170360565,
4,56249,0.18498332798480988,
4,56299,0.031175777316093445,
4,56349,0.17799000442028046,
4,56399,0.15538881719112396,
4,56449,0.39507195353507996,
4,56499,0.3298012912273407,
4,56549,0.2533544600009918,
4,56599,0.5904018878936768,
4,56649,0.27598896622657776,
4,56699,0.1260484755039215,
4,56749,0.13612397015094757,
4,56799,0.37511301040649414,
4,56849,0.21475592255592346,
4,56899,0.35990384221076965,
4,56949,0.21897055208683014,
4,56999,0.20274026691913605,
4,57049,0.10477904975414276,
4,57099,0.12370195239782333,
4,57149,0.4289654493331909,
4,57199,0.270569771528244,
4,57249,0.2517390251159668,
4,57299,0.12228020280599594,
4,57349,0.2408667355775833,
4,57399,0.40606778860092163,
4,57449,0.2759045660495758,
4,57499,0.21179096400737762,
4,57549,0.17366734147071838,
4,57599,0.29512789845466614,
4,57649,0.28087496757507324,
4,57699,0.32581445574760437,
4,57749,0.08194892853498459,
4,57799,0.19090025126934052,
4,57849,0.24656392633914948,
4,57899,0.34462887048721313,
4,57949,0.2700258493423462,
4,57999,0.22923603653907776,
4,58049,0.2308150678873062,
4,58099,0.1334804892539978,
4,58149,0.1444920003414154,
4,58199,0.4348556697368622,
4,58249,0.25053200125694275,
4,58299,0.12819324433803558,
4,58349,0.17890708148479462,
4,58399,0.1276000291109085,
4,58449,0.2150508463382721,
4,58499,0.22916635870933533,
4,58549,0.23642128705978394,
4,58599,0.17609426379203796,
4,58649,0.45385950803756714,
4,58699,0.18437737226486206,
4,58749,0.3006262183189392,
4,58799,0.14542178809642792,
4,58849,0.12176311761140823,
4,58899,0.07898645102977753,
4,58949,0.47592660784721375,
4,58999,0.23034417629241943,
4,59049,0.31982338428497314,
4,59099,0.21363626420497894,
4,59149,0.4470645487308502,
4,59199,0.2962000370025635,
4,59249,0.10340200364589691,
4,59299,0.5390803217887878,
4,59349,0.13388675451278687,
4,59399,0.3967602849006653,
4,59449,0.1428096741437912,
4,59499,0.18325212597846985,
4,59549,0.17162613570690155,
4,59599,0.07162979990243912,
4,59649,0.25195327401161194,
4,59699,0.21585027873516083,
4,59749,0.25645193457603455,
4,59799,0.1410316824913025,
4,59849,0.10531493276357651,
4,59899,0.2043904811143875,
4,59949,0.1716475635766983,
4,59999,0.4542269706726074,
4,60049,0.210122212767601,
4,60099,0.04817502200603485,
4,60149,0.16194351017475128,
4,60199,0.12029644101858139,
4,60249,0.12440228462219238,
4,60299,0.25853729248046875,
4,60349,0.11501049250364304,
4,60399,0.43713614344596863,
4,60449,0.13596224784851074,
4,60499,0.17005294561386108,
4,60549,0.24913376569747925,
4,60599,0.32133248448371887,
4,60649,0.4211216866970062,
4,60699,0.24178658425807953,
4,60749,0.1743421107530594,
4,60799,0.21841509640216827,
4,60849,0.1979653239250183,
4,60899,0.14120765030384064,
4,60949,0.06338256597518921,
4,60999,0.35543015599250793,
4,61049,0.3582408130168915,
4,61099,0.09383253753185272,
4,61149,0.14826858043670654,
4,61199,0.15012942254543304,
4,61249,0.4287507236003876,
4,61299,0.3388226628303528,
4,61349,0.0732654556632042,
4,61399,0.42534878849983215,
4,61449,0.2784855365753174,
4,61499,0.25067970156669617,
4,61549,0.04624466970562935,
4,61599,0.3364928662776947,
4,61649,0.2999192774295807,
4,61699,0.14392858743667603,
4,61749,0.3573763072490692,
4,61799,0.19257858395576477,
4,61849,0.37467414140701294,
4,61899,0.18413375318050385,
4,61949,0.2541268467903137,
4,61999,0.45882296562194824,
4,62049,0.07034076005220413,
4,62099,0.10101788491010666,
4,62149,0.11780420690774918,
4,62199,0.17732885479927063,
4,62249,0.2862584888935089,
4,62299,0.22784392535686493,
4,62319,,2.1942615509033203
5,62349,0.10567821562290192,
5,62399,0.14671964943408966,
5,62449,0.0399484820663929,
5,62499,0.16489556431770325,
5,62549,0.12454316765069962,
5,62599,0.1767963469028473,
5,62649,0.11385849118232727,
5,62699,0.22415275871753693,
5,62749,0.11551505327224731,
5,62799,0.16417543590068817,
5,62849,0.08136627823114395,
5,62899,0.3030296266078949,
5,62949,0.4475664496421814,
5,62999,0.04557604342699051,
5,63049,0.19432879984378815,
5,63099,0.24654991924762726,
5,63149,0.09281154721975327,
5,63199,0.07549437135457993,
5,63249,0.06228310242295265,
5,63299,0.13780096173286438,
5,63349,0.0573846697807312,
5,63399,0.27410128712654114,
5,63449,0.16680972278118134,
5,63499,0.11980060487985611,
5,63549,0.2613287568092346,
5,63599,0.22755971550941467,
5,63649,0.22562158107757568,
5,63699,0.08072767406702042,
5,63749,0.17192889750003815,
5,63799,0.050951309502124786,
5,63849,0.23414064943790436,
5,63899,0.25881069898605347,
5,63949,0.16454507410526276,
5,63999,0.1529049277305603,
5,64049,0.047900132834911346,
5,64099,0.2504008710384369,
5,64149,0.40780702233314514,
5,64199,0.11689908057451248,
5,64249,0.10150130838155746,
5,64299,0.1497141420841217,
5,64349,0.3642873167991638,
5,64399,0.13781628012657166,
5,64449,0.09774339199066162,
5,64499,0.1970335990190506,
5,64549,0.21243980526924133,
5,64599,0.25889888405799866,
5,64649,0.12959377467632294,
5,64699,0.19445161521434784,
5,64749,0.16397416591644287,
5,64799,0.21164540946483612,
5,64849,0.1834598332643509,
5,64899,0.178200826048851,
5,64949,0.24914658069610596,
5,64999,0.13255098462104797,
5,65049,0.030753759667277336,
5,65099,0.313332200050354,
5,65149,0.24565865099430084,
5,65199,0.10917484760284424,
5,65249,0.30035772919654846,
5,65299,0.08764102309942245,
5,65349,0.15383508801460266,
5,65399,0.4583727717399597,
5,65449,0.06392344832420349,
5,65499,0.14519867300987244,
5,65549,0.46085938811302185,
5,65599,0.14166474342346191,
5,65649,0.2701469361782074,
5,65699,0.14689087867736816,
5,65749,0.18249063193798065,
5,65799,0.13660965859889984,
5,65849,0.16146348416805267,
5,65899,0.25106555223464966,
5,65949,0.26889148354530334,
5,65999,0.058011364191770554,
5,66049,0.059678610414266586,
5,66099,0.15773078799247742,
5,66149,0.18038253486156464,
5,66199,0.033737603574991226,
5,66249,0.21244816482067108,
5,66299,0.13283738493919373,
5,66349,0.5510558485984802,
5,66399,0.29439571499824524,
5,66449,0.1387820988893509,
5,66499,0.19029384851455688,
5,66549,0.07943682372570038,
5,66599,0.07226711511611938,
5,66649,0.3865589499473572,
5,66699,0.10510600358247757,
5,66749,0.5047274231910706,
5,66799,0.12281540036201477,
5,66849,0.3862517476081848,
5,66899,0.23998522758483887,
5,66949,0.3147779405117035,
5,66999,0.10048489272594452,
5,67049,0.20505012571811676,
5,67099,0.08403348922729492,
5,67149,0.2887473702430725,
5,67199,0.18835805356502533,
5,67249,0.18820062279701233,
5,67299,0.25996023416519165,
5,67349,0.31999751925468445,
5,67399,0.12501224875450134,
5,67449,0.3619917631149292,
5,67499,0.20321357250213623,
5,67549,0.3487120568752289,
5,67599,0.09402880072593689,
5,67649,0.30781158804893494,
5,67699,0.04809390380978584,
5,67749,0.14365606009960175,
5,67799,0.1420421451330185,
5,67849,0.267742782831192,
5,67899,0.07941856980323792,
5,67949,0.2796373665332794,
5,67999,0.2589319050312042,
5,68049,0.05842731520533562,
5,68099,0.1596919447183609,
5,68149,0.19030481576919556,
5,68199,0.22306028008460999,
5,68249,0.2405393421649933,
5,68299,0.1014571413397789,
5,68349,0.3021916449069977,
5,68399,0.1609126776456833,
5,68449,0.2537212073802948,
5,68499,0.04342075437307358,
5,68549,0.1558510959148407,
5,68599,0.19818247854709625,
5,68649,0.04902965947985649,
5,68699,0.4695356786251068,
5,68749,0.1714034080505371,
5,68799,0.2231815755367279,
5,68849,0.173972025513649,
5,68899,0.09199289977550507,
5,68949,0.06963727623224258,
5,68999,0.19362519681453705,
5,69049,0.04104263335466385,
5,69099,0.13285015523433685,
5,69149,0.23779836297035217,
5,69199,0.32293346524238586,
5,69249,0.22698292136192322,
5,69299,0.2514186501502991,
5,69349,0.14716622233390808,
5,69399,0.16697609424591064,
5,69449,0.10144564509391785,
5,69499,0.11050314456224442,
5,69549,0.13112527132034302,
5,69599,0.13673201203346252,
5,69649,0.2575667202472687,
5,69699,0.5463899374008179,
5,69749,0.13518323004245758,
5,69799,0.22707083821296692,
5,69849,0.22133831679821014,
5,69899,0.2519523501396179,
5,69949,0.11640949547290802,
5,69999,0.09276506304740906,
5,70049,0.1956285983324051,
5,70099,0.11955997347831726,
5,70149,0.19079193472862244,
5,70199,0.18905463814735413,
5,70249,0.1334621161222458,
5,70299,0.44439342617988586,
5,70349,0.08517415076494217,
5,70399,0.3621188700199127,
5,70449,0.1503276526927948,
5,70499,0.14599202573299408,
5,70549,0.14539530873298645,
5,70599,0.19292815029621124,
5,70649,0.22340331971645355,
5,70699,0.35114166140556335,
5,70749,0.13823705911636353,
5,70799,0.2022763341665268,
5,70849,0.0906045064330101,
5,70899,0.06771276891231537,
5,70949,0.07896927744150162,
5,70999,0.09367295354604721,
5,71049,0.10606328397989273,
5,71099,0.11700749397277832,
5,71149,0.1368902176618576,
5,71199,0.0907919853925705,
5,71249,0.10185788571834564,
5,71299,0.273174524307251,
5,71349,0.3754679262638092,
5,71399,0.31115999817848206,
5,71449,0.12743011116981506,
5,71499,0.23652540147304535,
5,71549,0.13059045374393463,
5,71599,0.06202252209186554,
5,71649,0.0720546692609787,
5,71699,0.057726189494132996,
5,71749,0.028934326022863388,
5,71799,0.10763721913099289,
5,71849,0.26494961977005005,
5,71899,0.15194106101989746,
5,71949,0.36224448680877686,
5,71999,0.28264597058296204,
5,72049,0.06374505162239075,
5,72099,0.11991314589977264,
5,72149,0.1418122500181198,
5,72199,0.10641656070947647,
5,72249,0.10576917231082916,
5,72299,0.2821233570575714,
5,72349,0.40885159373283386,
5,72399,0.3303247094154358,
5,72449,0.23755043745040894,
5,72499,0.08325900882482529,
5,72549,0.2849257290363312,
5,72599,0.25580650568008423,
5,72649,0.09268193691968918,
5,72699,0.19626586139202118,
5,72749,0.11643701046705246,
5,72799,0.1823577731847763,
5,72849,0.08098652958869934,
5,72899,0.4564104378223419,
5,72949,0.13871701061725616,
5,72999,0.23181664943695068,
5,73049,0.13184010982513428,
5,73099,0.017782945185899734,
5,73149,0.24040968716144562,
5,73199,0.21249574422836304,
5,73249,0.08317933231592178,
5,73299,0.12556667625904083,
5,73349,0.05605233088135719,
5,73399,0.16366232931613922,
5,73449,0.15966376662254333,
5,73499,0.04064899682998657,
5,73549,0.053244393318891525,
5,73599,0.161561980843544,
5,73649,0.38178518414497375,
5,73699,0.10932052880525589,
5,73749,0.09442554414272308,
5,73799,0.09829424321651459,
5,73849,0.1899595707654953,
5,73899,0.06674081087112427,
5,73949,0.05803512781858444,
5,73999,0.024254200980067253,
5,74049,0.09624376893043518,
5,74099,0.16204792261123657,
5,74149,0.2263975441455841,
5,74199,0.060824330896139145,
5,74249,0.467449814081192,
5,74299,0.14725713431835175,
5,74349,0.09565402567386627,
5,74399,0.08988082408905029,
5,74449,0.22523857653141022,
5,74499,0.053671158850193024,
5,74549,0.22253751754760742,
5,74599,0.20894324779510498,
5,74649,0.053635191172361374,
5,74699,0.14267849922180176,
5,74749,0.3601004481315613,
5,74783,,2.3533778190612793
6,74799,0.07507825642824173,
6,74849,0.05114595964550972,
6,74899,0.167275071144104,
6,74949,0.37354058027267456,
6,74999,0.0994487777352333,
6,75049,0.09034709632396698,
6,75099,0.046289294958114624,
6,75149,0.16588163375854492,
6,75199,0.1623571813106537,
6,75249,0.1490597426891327,
6,75299,0.10547259449958801,
6,75349,0.14102551341056824,
6,75399,0.13483521342277527,
6,75449,0.09093044698238373,
6,75499,0.23513057827949524,
6,75549,0.34116145968437195,
6,75599,0.0633639395236969,
6,75649,0.0410054475069046,
6,75699,0.15808047354221344,
6,75749,0.1263660043478012,
6,75799,0.17975424230098724,
6,75849,0.11373114585876465,
6,75899,0.13162876665592194,
6,75949,0.1642194390296936,
6,75999,0.0467074029147625,
6,76049,0.4586782455444336,
6,76099,0.2385106086730957,
6,76149,0.16038216650485992,
6,76199,0.0863616019487381,
6,76249,0.12736564874649048,
6,76299,0.17411722242832184,
6,76349,0.19296318292617798,
6,76399,0.057015132158994675,
6,76449,0.24427881836891174,
6,76499,0.09940170496702194,
6,76549,0.06624753773212433,
6,76599,0.24462099373340607,
6,76649,0.21098369359970093,
6,76699,0.16214728355407715,
6,76749,0.11209427565336227,
6,76799,0.03004099614918232,
6,76849,0.10404730588197708,
6,76899,0.284820556640625,
6,76949,0.15316389501094818,
6,76999,0.04719969257712364,
6,77049,0.33269068598747253,
6,77099,0.1881231814622879,
6,77149,0.03954058885574341,
6,77199,0.14665734767913818,
6,77249,0.13800835609436035,
6,77299,0.29524195194244385,
6,77349,0.17077776789665222,
6,77399,0.25789907574653625,
6,77449,0.0585484504699707,
6,77499,0.1380527764558792,
6,77549,0.07867929339408875,
6,77599,0.12301667779684067,
6,77649,0.049007534980773926,
6,77699,0.08856265991926193,
6,77749,0.11868933588266373,
6,77799,0.08044833689928055,
6,77849,0.026054050773382187,
6,77899,0.06500506401062012,
6,77949,0.04558201879262924,
6,77999,0.11505768448114395,
6,78049,0.17155221104621887,
6,78099,0.29299110174179077,
6,78149,0.2523046135902405,
6,78199,0.09180866926908493,
6,78249,0.1053721234202385,
6,78299,0.11532983928918839,
6,78349,0.3015103340148926,
6,78399,0.16447052359580994,
6,78449,0.07988937199115753,
6,78499,0.07988643646240234,
6,78549,0.22928749024868011,
6,78599,0.08816398680210114,
6,78649,0.32122528553009033,
6,78699,0.05032805725932121,
6,78749,0.3222838044166565,
6,78799,0.19175709784030914,
6,78849,0.07048986852169037,
6,78899,0.05124242603778839,
6,78949,0.038562215864658356,
6,78999,0.2851600646972656,
6,79049,0.22990526258945465,
6,79099,0.06955888867378235,
6,79149,0.07236697524785995,
6,79199,0.19406253099441528,
6,79249,0.31663185358047485,
6,79299,0.034334685653448105,
6,79349,0.3385589122772217,
6,79399,0.29951128363609314,
6,79449,0.1464139223098755,
6,79499,0.1593898981809616,
6,79549,0.1465286910533905,
6,79599,0.15285824239253998,
6,79649,0.20460869371891022,
6,79699,0.14266394078731537,
6,79749,0.09738225489854813,
6,79799,0.24118028581142426,
6,79849,0.07907404005527496,
6,79899,0.07687646150588989,
6,79949,0.07624690979719162,
6,79999,0.20233383774757385,
6,80049,0.31656715273857117,
6,80099,0.1611517071723938,
6,80149,0.1492045670747757,
6,80199,0.06629921495914459,
6,80249,0.218608096241951,
6,80299,0.11767517030239105,
6,80349,0.11570798605680466,
6,80399,0.2600347101688385,
6,80449,0.17689236998558044,
6,80499,0.1739494651556015,
6,80549,0.07944834977388382,
6,80599,0.030453674495220184,
6,80649,0.1661011129617691,
6,80699,0.06879498064517975,
6,80749,0.24467012286186218,
6,80799,0.16159552335739136,
6,80849,0.040495313704013824,
6,80899,0.04895249754190445,
6,80949,0.11870470643043518,
6,80999,0.09524241089820862,
6,81049,0.056799836456775665,
6,81099,0.09205479919910431,
6,81149,0.028469720855355263,
6,81199,0.11493747681379318,
6,81249,0.1059972271323204,
6,81299,0.14461739361286163,
6,81349,0.0576058104634285,
6,81399,0.09354895353317261,
6,81449,0.07150430232286453,
6,81499,0.2206283062696457,
6,81549,0.07502851635217667,
6,81599,0.2349911332130432,
6,81649,0.3360634446144104,
6,81699,0.08241305500268936,
6,81749,0.13142713904380798,
6,81799,0.08484180271625519,
6,81849,0.16791105270385742,
6,81899,0.20354832708835602,
6,81949,0.043263740837574005,
6,81999,0.14434051513671875,
6,82049,0.06712059676647186,
6,82099,0.19643166661262512,
6,82149,0.16819551587104797,
6,82199,0.27748095989227295,
6,82249,0.035412464290857315,
6,82299,0.21962182223796844,
6,82349,0.05644107237458229,
6,82399,0.22207596898078918,
6,82449,0.13312894105911255,
6,82499,0.045392755419015884,
6,82549,0.15101423859596252,
6,82599,0.18231360614299774,
6,82649,0.10421973466873169,
6,82699,0.05272868275642395,
6,82749,0.07381308078765869,
6,82799,0.09783940017223358,
6,82849,0.22103102505207062,
6,82899,0.14098316431045532,
6,82949,0.05323009565472603,
6,82999,0.02616390399634838,
6,83049,0.17129431664943695,
6,83099,0.2205139398574829,
6,83149,0.24001547694206238,
6,83199,0.29160094261169434,
6,83249,0.05850197747349739,
6,83299,0.08505874127149582,
6,83349,0.09816019237041473,
6,83399,0.13662372529506683,
6,83449,0.13624213635921478,
6,83499,0.09513263404369354,
6,83549,0.3353087604045868,
6,83599,0.17977705597877502,
6,83649,0.12617431581020355,
6,83699,0.2761383652687073,
6,83749,0.15265412628650665,
6,83799,0.2126971036195755,
6,83849,0.33112046122550964,
6,83899,0.12048935890197754,
6,83949,0.07242701947689056,
6,83999,0.01983131840825081,
6,84049,0.20957711338996887,
6,84099,0.34413835406303406,
6,84149,0.1240597665309906,
6,84199,0.22179733216762543,
6,84249,0.06924905627965927,
6,84299,0.060625109821558,
6,84349,0.08640367537736893,
6,84399,0.15347203612327576,
6,84449,0.1720310002565384,
6,84499,0.16272728145122528,
6,84549,0.21396504342556,
6,84599,0.2715117931365967,
6,84649,0.17866696417331696,
6,84699,0.14170096814632416,
6,84749,0.13122013211250305,
6,84799,0.015034348703920841,
6,84849,0.16364146769046783,
6,84899,0.3441419303417206,
6,84949,0.18575279414653778,
6,84999,0.1901581734418869,
6,85049,0.21148113906383514,
6,85099,0.04998793080449104,
6,85149,0.09798911213874817,
6,85199,0.12813033163547516,
6,85249,0.28531378507614136,
6,85299,0.11304184049367905,
6,85349,0.08522360026836395,
6,85399,0.2973833978176117,
6,85449,0.2516990900039673,
6,85499,0.14074675738811493,
6,85549,0.17099609971046448,
6,85599,0.07031768560409546,
6,85649,0.14718365669250488,
6,85699,0.04195500910282135,
6,85749,0.09984102845191956,
6,85799,0.12006811052560806,
6,85849,0.24884815514087677,
6,85899,0.179680734872818,
6,85949,0.3119911551475525,
6,85999,0.10541313886642456,
6,86049,0.11684416234493256,
6,86099,0.22524024546146393,
6,86149,0.3432022035121918,
6,86199,0.16470648348331451,
6,86249,0.047894999384880066,
6,86299,0.060042768716812134,
6,86349,0.1371639221906662,
6,86399,0.199540376663208,
6,86449,0.11656017601490021,
6,86499,0.09922541677951813,
6,86549,0.10743148624897003,
6,86599,0.0484820194542408,
6,86649,0.3413326144218445,
6,86699,0.12176119536161423,
6,86749,0.08254289627075195,
6,86799,0.04225476458668709,
6,86849,0.33799758553504944,
6,86899,0.12301883846521378,
6,86949,0.18445050716400146,
6,86999,0.17136448621749878,
6,87049,0.12833258509635925,
6,87099,0.037322454154491425,
6,87149,0.1002810150384903,
6,87199,0.3322811722755432,
6,87247,,2.47133469581604
7,87249,0.3326902985572815,
7,87299,0.11702339351177216,
7,87349,0.09236782789230347,
7,87399,0.05193997174501419,
7,87449,0.11636463552713394,
7,87499,0.15716354548931122,
7,87549,0.022613950073719025,
7,87599,0.0683295726776123,
7,87649,0.16333246231079102,
7,87699,0.027602726593613625,
7,87749,0.19647881388664246,
7,87799,0.14566147327423096,
7,87849,0.13864800333976746,
7,87899,0.09296935796737671,
7,87949,0.058663491159677505,
7,87999,0.09412604570388794,
7,88049,0.06434695422649384,
7,88099,0.16806402802467346,
7,88149,0.0920153483748436,
7,88199,0.10121417045593262,
7,88249,0.1565258800983429,
7,88299,0.06300295889377594,
7,88349,0.11008747667074203,
7,88399,0.1273726522922516,
7,88449,0.11756163835525513,
7,88499,0.03344780206680298,
7,88549,0.1383291333913803,
7,88599,0.2973394989967346,
7,88649,0.04187851399183273,
7,88699,0.0587460920214653,
7,88749,0.32454606890678406,
7,88799,0.2555111050605774,
7,88849,0.09474297612905502,
7,88899,0.09410210698843002,
7,88949,0.06038331240415573,
7,88999,0.16444963216781616,
7,89049,0.13403436541557312,
7,89099,0.05590831860899925,
7,89149,0.0482700914144516,
7,89199,0.05764620006084442,
7,89249,0.026895813643932343,
7,89299,0.08206590265035629,
7,89349,0.102309949696064,
7,89399,0.034064363688230515,
7,89449,0.13441959023475647,
7,89499,0.17644423246383667,
7,89549,0.13809320330619812,
7,89599,0.32818910479545593,
7,89649,0.056660350412130356,
7,89699,0.07712459564208984,
7,89749,0.10264285653829575,
7,89799,0.14900672435760498,
7,89849,0.0828777551651001,
7,89899,0.0824052169919014,
7,89949,0.18773148953914642,
7,89999,0.0477304570376873,
7,90049,0.1589178442955017,
7,90099,0.0921008363366127,
7,90149,0.05237859860062599,
7,90199,0.17518571019172668,
7,90249,0.16709980368614197,
7,90299,0.10824202746152878,
7,90349,0.08499972522258759,
7,90399,0.03446056693792343,
7,90449,0.1363251805305481,
7,90499,0.27467143535614014,
7,90549,0.08124714344739914,
7,90599,0.06403523683547974,
7,90649,0.08954266458749771,
7,90699,0.21095240116119385,
7,90749,0.11884410679340363,
7,90799,0.3973653018474579,
7,90849,0.4101361334323883,
7,90899,0.09264128655195236,
7,90949,0.2596098780632019,
7,90999,0.1837170422077179,
7,91049,0.26218757033348083,
7,91099,0.12661443650722504,
7,91149,0.22151415050029755,
7,91199,0.22181402146816254,
7,91249,0.010751549154520035,
7,91299,0.14595456421375275,
7,91349,0.18377681076526642,
7,91399,0.014055593870580196,
7,91449,0.1593145728111267,
7,91499,0.21028515696525574,
7,91549,0.19876021146774292,
7,91599,0.3129274547100067,
7,91649,0.14336822926998138,
7,91699,0.20072662830352783,
7,91749,0.19280554354190826,
7,91799,0.08105862885713577,
7,91849,0.08008935302495956,
7,91899,0.18517428636550903,
7,91949,0.11639665812253952,
7,91999,0.07251576334238052,
7,92049,0.20206332206726074,
7,92099,0.10965929925441742,
7,92149,0.17525364458560944,
7,92199,0.12773503363132477,
7,92249,0.07022354006767273,
7,92299,0.08039049059152603,
7,92349,0.20615838468074799,
7,92399,0.06823351234197617,
7,92449,0.03665417432785034,
7,92499,0.18246868252754211,
7,92549,0.04950584098696709,
7,92599,0.1729271560907364,
7,92649,0.1963406652212143,
7,92699,0.07025506347417831,
7,92749,0.0946602150797844,
7,92799,0.056522008031606674,
7,92849,0.05377553775906563,
7,92899,0.2699480950832367,
7,92949,0.4249153137207031,
7,92999,0.0926477387547493,
7,93049,0.026239655911922455,
7,93099,0.04337448254227638,
7,93149,0.1881588250398636,
7,93199,0.08866539597511292,
7,93249,0.07399040460586548,
7,93299,0.11582188308238983,
7,93349,0.21547195315361023,
7,93399,0.11034438759088516,
7,93449,0.11173354089260101,
7,93499,0.3655431866645813,
7,93549,0.15805503726005554,
7,93599,0.06371177732944489,
7,93649,0.02857319265604019,
7,93699,0.1280762404203415,
7,93749,0.17268696427345276,
7,93799,0.10747744888067245,
7,93849,0.12864021956920624,
7,93899,0.1561073660850525,
7,93949,0.18135398626327515,
7,93999,0.11992271989583969,
7,94049,0.1347680389881134,
7,94099,0.16922961175441742,
7,94149,0.02050384320318699,
7,94199,0.09252341091632843,
7,94249,0.10624324530363083,
7,94299,0.10123950242996216,
7,94349,0.15689456462860107,
7,94399,0.08362775295972824,
7,94449,0.08014530688524246,
7,94499,0.15447798371315002,
7,94549,0.07258901745080948,
7,94599,0.10155925899744034,
7,94649,0.11226831376552582,
7,94699,0.2015465945005417,
7,94749,0.06967964768409729,
7,94799,0.12519985437393188,
7,94849,0.24886345863342285,
7,94899,0.221701517701149,
7,94949,0.07247772812843323,
7,94999,0.09341483563184738,
7,95049,0.13854984939098358,
7,95099,0.03550271689891815,
7,95149,0.19131436944007874,
7,95199,0.13416939973831177,
7,95249,0.10834630578756332,
7,95299,0.026424061506986618,
7,95349,0.12134602665901184,
7,95399,0.17147931456565857,
7,95449,0.06859520077705383,
7,95499,0.03153358772397041,
7,95549,0.055144526064395905,
7,95599,0.13146953284740448,
7,95649,0.2829170823097229,
7,95699,0.1378571093082428,
7,95749,0.05766700953245163,
7,95799,0.16488629579544067,
7,95849,0.2470833659172058,
7,95899,0.30793285369873047,
7,95949,0.033619001507759094,
7,95999,0.11600181460380554,
7,96049,0.08882474154233932,
7,96099,0.056242283433675766,
7,96149,0.10541979968547821,
7,96199,0.08762098848819733,
7,96249,0.2872174382209778,
7,96299,0.13581982254981995,
7,96349,0.1331000179052353,
7,96399,0.18005910515785217,
7,96449,0.08744450658559799,
7,96499,0.05570005252957344,
7,96549,0.17579451203346252,
7,96599,0.03470619022846222,
7,96649,0.0658179298043251,
7,96699,0.04777199774980545,
7,96749,0.08629057556390762,
7,96799,0.31128600239753723,
7,96849,0.12926004827022552,
7,96899,0.07117307931184769,
7,96949,0.12032481282949448,
7,96999,0.03327682614326477,
7,97049,0.22142694890499115,
7,97099,0.07777952402830124,
7,97149,0.05826283246278763,
7,97199,0.1478608101606369,
7,97249,0.15477019548416138,
7,97299,0.1598648577928543,
7,97349,0.09967716783285141,
7,97399,0.13104580342769623,
7,97449,0.2783644199371338,
7,97499,0.16082718968391418,
7,97549,0.07232008874416351,
7,97599,0.03868857026100159,
7,97649,0.10605171322822571,
7,97699,0.06898373365402222,
7,97749,0.10163576900959015,
7,97799,0.1679120808839798,
7,97849,0.1688862442970276,
7,97899,0.07950090616941452,
7,97949,0.07656800001859665,
7,97999,0.11756671220064163,
7,98049,0.15520329773426056,
7,98099,0.18358463048934937,
7,98149,0.2715844213962555,
7,98199,0.060241639614105225,
7,98249,0.03485514596104622,
7,98299,0.10057908296585083,
7,98349,0.1583569496870041,
7,98399,0.05429776385426521,
7,98449,0.10623462498188019,
7,98499,0.1986819952726364,
7,98549,0.027811838313937187,
7,98599,0.044016093015670776,
7,98649,0.07056137174367905,
7,98699,0.1470475196838379,
7,98749,0.04938588663935661,
7,98799,0.09217015653848648,
7,98849,0.18752284348011017,
7,98899,0.1086377277970314,
7,98949,0.0923498347401619,
7,98999,0.0972752794623375,
7,99049,0.14316301047801971,
7,99099,0.12697391211986542,
7,99149,0.09084571152925491,
7,99199,0.16978317499160767,
7,99249,0.08431553840637207,
7,99299,0.21284626424312592,
7,99349,0.07555640488862991,
7,99399,0.15075303614139557,
7,99449,0.14187155663967133,
7,99499,0.09193094819784164,
7,99549,0.12457628548145294,
7,99599,0.186421737074852,
7,99649,0.024210959672927856,
7,99699,0.1123608723282814,
7,99711,,2.5906310081481934
8,99749,0.11756303906440735,
8,99799,0.14428797364234924,
8,99849,0.27222660183906555,
8,99899,0.11483782529830933,
8,99949,0.11753132939338684,
8,99999,0.054226964712142944,
8,100049,0.030729901045560837,
8,100099,0.05601836368441582,
8,100149,0.06141163408756256,
8,100199,0.2748890221118927,
8,100249,0.14887814223766327,
8,100299,0.27943912148475647,
8,100349,0.10399588942527771,
8,100399,0.07520067691802979,
8,100449,0.08462677150964737,
8,100499,0.24671383202075958,
8,100549,0.01143888384103775,
8,100599,0.19568577408790588,
8,100649,0.16694194078445435,
8,100699,0.1754222959280014,
8,100749,0.053255513310432434,
8,100799,0.1340702325105667,
8,100849,0.047146882861852646,
8,100899,0.13169266283512115,
8,100949,0.0852876529097557,
8,100999,0.21677367389202118,
8,101049,0.06884153932332993,
8,101099,0.04431216046214104,
8,101149,0.15670345723628998,
8,101199,0.0685303807258606,
8,101249,0.08401374518871307,
8,101299,0.1631147861480713,
8,101349,0.08505822718143463,
8,101399,0.2968190014362335,
8,101449,0.031624890863895416,
8,101499,0.042597800493240356,
8,101549,0.07973247021436691,
8,101599,0.08891432732343674,
8,101649,0.06848027557134628,
8,101699,0.17181646823883057,
8,101749,0.08970707654953003,
8,101799,0.1015617698431015,
8,101849,0.16310270130634308,
8,101899,0.1272500455379486,
8,101949,0.11158786714076996,
8,101999,0.15726037323474884,
8,102049,0.1611381322145462,
8,102099,0.030404435470700264,
8,102149,0.016802500933408737,
8,102199,0.16955995559692383,
8,102249,0.07100766152143478,
8,102299,0.15810157358646393,
8,102349,0.141887366771698,
8,102399,0.15377363562583923,
8,102449,0.13047489523887634,
8,102499,0.24744181334972382,
8,102549,0.046993523836135864,
8,102599,0.06589286774396896,
8,102649,0.04387452453374863,
8,102699,0.10017595440149307,
8,102749,0.16964232921600342,
8,102799,0.07074993848800659,
8,102849,0.16513751447200775,
8,102899,0.17316751182079315,
8,102949,0.09268002957105637,
8,102999,0.04197827726602554,
8,103049,0.09224496781826019,
8,103099,0.25781580805778503,
8,103149,0.3645584285259247,
8,103199,0.0496673658490181,
8,103249,0.1945519596338272,
8,103299,0.04688990116119385,
8,103349,0.09661026298999786,
8,103399,0.1338702142238617,
8,103449,0.10778020322322845,
8,103499,0.16091585159301758,
8,103549,0.02427748031914234,
8,103599,0.04251521825790405,
8,103649,0.12086878716945648,
8,103699,0.35950392484664917,
8,103749,0.09736772626638412,
8,103799,0.09059774875640869,
8,103849,0.08972638845443726,
8,103899,0.06997964531183243,
8,103949,0.04280266910791397,
8,103999,0.08655232191085815,
8,104049,0.07903597503900528,
8,104099,0.11638391762971878,
8,104149,0.08648031949996948,
8,104199,0.04002939537167549,
8,104249,0.2615748643875122,
8,104299,0.036890238523483276,
8,104349,0.106003537774086,
8,104399,0.199951171875,
8,104449,0.0511910654604435,
8,104499,0.0792241320014,
8,104549,0.10753252357244492,
8,104599,0.16844336688518524,
8,104649,0.10237093269824982,
8,104699,0.059881992638111115,
8,104749,0.18367406725883484,
8,104799,0.23485155403614044,
8,104849,0.12651798129081726,
8,104899,0.0668250322341919,
8,104949,0.012330681085586548,
8,104999,0.13488081097602844,
8,105049,0.29733726382255554,
8,105099,0.1830260008573532,
8,105149,0.32976391911506653,
8,105199,0.01600639894604683,
8,105249,0.042857423424720764,
8,105299,0.0992279052734375,
8,105349,0.3931361436843872,
8,105399,0.1872996985912323,
8,105449,0.10778651386499405,
8,105499,0.07524490356445312,
8,105549,0.41931459307670593,
8,105599,0.11007217317819595,
8,105649,0.10886932164430618,
8,105699,0.1332429051399231,
8,105749,0.019725605845451355,
8,105799,0.27685317397117615,
8,105849,0.27428585290908813,
8,105899,0.1263277232646942,
8,105949,0.05361824482679367,
8,105999,0.26383280754089355,
8,106049,0.4846346080303192,
8,106099,0.023027492687106133,
8,106149,0.02418188378214836,
8,106199,0.14770738780498505,
8,106249,0.07836545258760452,
8,106299,0.06118742376565933,
8,106349,0.11219991743564606,
8,106399,0.10362186282873154,
8,106449,0.17300233244895935,
8,106499,0.046108245849609375,
8,106549,0.21273407340049744,
8,106599,0.015905747190117836,
8,106649,0.11131629347801208,
8,106699,0.07367607206106186,
8,106749,0.10890141129493713,
8,106799,0.1738780289888382,
8,106849,0.1669999361038208,
8,106899,0.09823129326105118,
8,106949,0.027939436957240105,
8,106999,0.10814142227172852,
8,107049,0.16550810635089874,
8,107099,0.050153929740190506,
8,107149,0.12392672896385193,
8,107199,0.08719020336866379,
8,107249,0.0604950413107872,
8,107299,0.2093949168920517,
8,107349,0.06710808724164963,
8,107399,0.04325629770755768,
8,107449,0.059288863092660904,
8,107499,0.3725023865699768,
8,107549,0.11599660664796829,
8,107599,0.06924807280302048,
8,107649,0.05856913700699806,
8,107699,0.17688795924186707,
8,107749,0.4068414270877838,
8,107799,0.03737186640501022,
8,107849,0.10305637121200562,
8,107899,0.11620856076478958,
8,107949,0.07738187909126282,
8,107999,0.10389895737171173,
8,108049,0.21871012449264526,
8,108099,0.015475704334676266,
8,108149,0.13257816433906555,
8,108199,0.022544069215655327,
8,108249,0.10665649175643921,
8,108299,0.1442098617553711,
8,108349,0.08880307525396347,
8,108399,0.10310212522745132,
8,108449,0.18072132766246796,
8,108499,0.11519943177700043,
8,108549,0.10574498027563095,
8,108599,0.20671896636486053,
8,108649,0.03642408177256584,
8,108699,0.127386674284935,
8,108749,0.09338460117578506,
8,108799,0.13205456733703613,
8,108849,0.060902342200279236,
8,108899,0.039748068898916245,
8,108949,0.2742599844932556,
8,108999,0.26983925700187683,
8,109049,0.1751299351453781,
8,109099,0.03590850904583931,
8,109149,0.06519202888011932,
8,109199,0.041522882878780365,
8,109249,0.1180497333407402,
8,109299,0.015005296096205711,
8,109349,0.25677353143692017,
8,109399,0.04189879819750786,
8,109449,0.10296805948019028,
8,109499,0.07708578556776047,
8,109549,0.060559552162885666,
8,109599,0.2280907928943634,
8,109649,0.05992630496621132,
8,109699,0.08396678417921066,
8,109749,0.19078239798545837,
8,109799,0.012440264225006104,
8,109849,0.200868159532547,
8,109899,0.030476955696940422,
8,109949,0.08119340240955353,
8,109999,0.2181801199913025,
8,110049,0.09622259438037872,
8,110099,0.1052013635635376,
8,110149,0.037355195730924606,
8,110199,0.0643906444311142,
8,110249,0.2283296138048172,
8,110299,0.07398883253335953,
8,110349,0.30328187346458435,
8,110399,0.07553358376026154,
8,110449,0.1680893748998642,
8,110499,0.01136791706085205,
8,110549,0.1329537034034729,
8,110599,0.2111072838306427,
8,110649,0.1207677349448204,
8,110699,0.16906410455703735,
8,110749,0.11466439068317413,
8,110799,0.22564567625522614,
8,110849,0.052653562277555466,
8,110899,0.0404537096619606,
8,110949,0.07344973832368851,
8,110999,0.09963096678256989,
8,111049,0.07784949988126755,
8,111099,0.12608076632022858,
8,111149,0.04397182911634445,
8,111199,0.15799449384212494,
8,111249,0.1055910587310791,
8,111299,0.02058277279138565,
8,111349,0.06832509487867355,
8,111399,0.08062701672315598,
8,111449,0.0393618606030941,
8,111499,0.035344332456588745,
8,111549,0.1515556424856186,
8,111599,0.1298985332250595,
8,111649,0.42853817343711853,
8,111699,0.0757814347743988,
8,111749,0.06084919720888138,
8,111799,0.07412147521972656,
8,111849,0.36116769909858704,
8,111899,0.10922469943761826,
8,111949,0.09554167091846466,
8,111999,0.042323559522628784,
8,112049,0.07237905263900757,
8,112099,0.07524717599153519,
8,112149,0.2448875457048416,
8,112175,,2.56624174118042
9,112199,0.11644015461206436,
9,112249,0.11630752682685852,
9,112299,0.04064019396901131,
9,112349,0.08140798658132553,
9,112399,0.19383780658245087,
9,112449,0.04543827474117279,
9,112499,0.1905098408460617,
9,112549,0.06343580782413483,
9,112599,0.025751713663339615,
9,112649,0.08931415528059006,
9,112699,0.23687122762203217,
9,112749,0.21229171752929688,
9,112799,0.06129950284957886,
9,112849,0.07666904479265213,
9,112899,0.11028192937374115,
9,112949,0.09669604152441025,
9,112999,0.0265931636095047,
9,113049,0.2564045786857605,
9,113099,0.23086120188236237,
9,113149,0.05084201693534851,
9,113199,0.0734323114156723,
9,113249,0.06496641039848328,
9,113299,0.0679003968834877,
9,113349,0.05490964278578758,
9,113399,0.09206338226795197,
9,113449,0.03438777104020119,
9,113499,0.0684911459684372,
9,113549,0.0826224610209465,
9,113599,0.27393823862075806,
9,113649,0.10080596059560776,
9,113699,0.2583184838294983,
9,113749,0.09130430221557617,
9,113799,0.31578582525253296,
9,113849,0.2154645025730133,
9,113899,0.015506834723055363,
9,113949,0.15961416065692902,
9,113999,0.009629946202039719,
9,114049,0.09982015192508698,
9,114099,0.10486765950918198,
9,114149,0.09131773561239243,
9,114199,0.07101400941610336,
9,114249,0.07600276172161102,
9,114299,0.05607667565345764,
9,114349,0.1082335039973259,
9,114399,0.06438299268484116,
9,114449,0.0548943392932415,
9,114499,0.21205855906009674,
9,114549,0.06239645928144455,
9,114599,0.06906069815158844,
9,114649,0.027801763266324997,
9,114699,0.08827098459005356,
9,114749,0.05858512967824936,
9,114799,0.14155206084251404,
9,114849,0.232498899102211,
9,114899,0.21347938477993011,
9,114949,0.33981940150260925,
9,114999,0.056834395974874496,
9,115049,0.011206596158444881,
9,115099,0.036145105957984924,
9,115149,0.2073325365781784,
9,115199,0.10416940599679947,
9,115249,0.021112266927957535,
9,115299,0.07800588756799698,
9,115349,0.08272416144609451,
9,115399,0.1899801641702652,
9,115449,0.1862848848104477,
9,115499,0.06837956607341766,
9,115549,0.08714774250984192,
9,115599,0.025894537568092346,
9,115649,0.18456311523914337,
9,115699,0.18453162908554077,
9,115749,0.07362827658653259,
9,115799,0.042129531502723694,
9,115849,0.05153973773121834,
9,115899,0.022729115560650826,
9,115949,0.037795718759298325,
9,115999,0.18826109170913696,
9,116049,0.1647879034280777,
9,116099,0.04549109563231468,
9,116149,0.11141958832740784,
9,116199,0.08091574907302856,
9,116249,0.13907235860824585,
9,116299,0.08649195730686188,
9,116349,0.044209904968738556,
9,116399,0.031121760606765747,
9,116449,0.10550960898399353,
9,116499,0.09880641102790833,
9,116549,0.07405741512775421,
9,116599,0.23824071884155273,
9,116649,0.048769351094961166,
9,116699,0.03842322900891304,
9,116749,0.09524688124656677,
9,116799,0.02356002666056156,
9,116849,0.22651466727256775,
9,116899,0.038888201117515564,
9,116949,0.03641829639673233,
9,116999,0.12701691687107086,
9,117049,0.03619271144270897,
9,117099,0.10856135934591293,
9,117149,0.06598550081253052,
9,117199,0.1249929890036583,
9,117249,0.17954276502132416,
9,117299,0.09581800550222397,
9,117349,0.07442562282085419,
9,117399,0.07602912187576294,
9,117449,0.11674509942531586,
9,117499,0.02800842933356762,
9,117549,0.08407320827245712,
9,117599,0.31633394956588745,
9,117649,0.12558242678642273,
9,117699,0.3649565875530243,
9,117749,0.13771045207977295,
9,117799,0.18385449051856995,
9,117849,0.1082763820886612,
9,117899,0.01287692692130804,
9,117949,0.09461823105812073,
9,117999,0.0717129185795784,
9,118049,0.15621080994606018,
9,118099,0.11512140929698944,
9,118149,0.2038952261209488,
9,118199,0.1552790403366089,
9,118249,0.05570365861058235,
9,118299,0.13646018505096436,
9,118349,0.14239796996116638,
9,118399,0.1746402382850647,
9,118449,0.04993613809347153,
9,118499,0.4027363359928131,
9,118549,0.2845824360847473,
9,118599,0.07121507078409195,
9,118649,0.058076873421669006,
9,118699,0.026931434869766235,
9,118749,0.09685620665550232,
9,118799,0.09591753780841827,
9,118849,0.08914463967084885,
9,118899,0.14818929135799408,
9,118949,0.0443694069981575,
9,118999,0.10555516183376312,
9,119049,0.18211790919303894,
9,119099,0.029846549034118652,
9,119149,0.05873328819870949,
9,119199,0.14412471652030945,
9,119249,0.048596739768981934,
9,119299,0.18614543974399567,
9,119349,0.2257145345211029,
9,119399,0.057668913155794144,
9,119449,0.0686081275343895,
9,119499,0.08116817474365234,
9,119549,0.09739112854003906,
9,119599,0.07413701713085175,
9,119649,0.3391433656215668,
9,119699,0.15095509588718414,
9,119749,0.10663709789514542,
9,119799,0.11141558736562729,
9,119849,0.18296292424201965,
9,119899,0.0627114400267601,
9,119949,0.035371556878089905,
9,119999,0.178471177816391,
9,120049,0.026756461709737778,
9,120099,0.17095297574996948,
9,120149,0.09906291961669922,
9,120199,0.08832868188619614,
9,120249,0.053469475358724594,
9,120299,0.11026621609926224,
9,120349,0.1324828714132309,
9,120399,0.09809313714504242,
9,120449,0.2928653061389923,
9,120499,0.08702225983142853,
9,120549,0.08025652170181274,
9,120599,0.3447491228580475,
9,120649,0.16872964799404144,
9,120699,0.12352970987558365,
9,120749,0.4014451801776886,
9,120799,0.03516756370663643,
9,120849,0.04146423935890198,
9,120899,0.13927370309829712,
9,120949,0.08942530304193497,
9,120999,0.066177137196064,
9,121049,0.011747557669878006,
9,121099,0.02732997201383114,
9,121149,0.09419858455657959,
9,121199,0.09704605489969254,
9,121249,0.16376809775829315,
9,121299,0.2314234972000122,
9,121349,0.02859693393111229,
9,121399,0.049850430339574814,
9,121449,0.06039454787969589,
9,121499,0.0938292071223259,
9,121549,0.12854093313217163,
9,121599,0.13233278691768646,
9,121649,0.17486639320850372,
9,121699,0.11791560053825378,
9,121749,0.15481063723564148,
9,121799,0.21879853308200836,
9,121849,0.17583219707012177,
9,121899,0.014209391549229622,
9,121949,0.020650438964366913,
9,121999,0.11034105718135834,
9,122049,0.10903476178646088,
9,122099,0.09176964312791824,
9,122149,0.19409462809562683,
9,122199,0.039014726877212524,
9,122249,0.11941412091255188,
9,122299,0.20765161514282227,
9,122349,0.1802491843700409,
9,122399,0.1843012124300003,
9,122449,0.1263405978679657,
9,122499,0.1590164750814438,
9,122549,0.021096786484122276,
9,122599,0.1344766914844513,
9,122649,0.08060915768146515,
9,122699,0.05230678617954254,
9,122749,0.07879416644573212,
9,122799,0.09379169344902039,
9,122849,0.13632501661777496,
9,122899,0.05926143750548363,
9,122949,0.09088271111249924,
9,122999,0.10803057253360748,
9,123049,0.15402674674987793,
9,123099,0.1501167267560959,
9,123149,0.042763661593198776,
9,123199,0.07758760452270508,
9,123249,0.13887737691402435,
9,123299,0.18717685341835022,
9,123349,0.06077894568443298,
9,123399,0.17875894904136658,
9,123449,0.244736909866333,
9,123499,0.12764008343219757,
9,123549,0.06459064036607742,
9,123599,0.22594356536865234,
9,123649,0.037637390196323395,
9,123699,0.027806857600808144,
9,123749,0.04423516243696213,
9,123799,0.08357956260442734,
9,123849,0.1822504848241806,
9,123899,0.07001817971467972,
9,123949,0.06604765355587006,
9,123999,0.050541140139102936,
9,124049,0.258746474981308,
9,124099,0.06819481402635574,
9,124149,0.1120939776301384,
9,124199,0.07508569955825806,
9,124249,0.0924856960773468,
9,124299,0.153046652674675,
9,124349,0.1496065855026245,
9,124399,0.21720652282238007,
9,124449,0.05226602405309677,
9,124499,0.15791001915931702,
9,124549,0.13007330894470215,
9,124599,0.08208896219730377,
9,124639,,2.6793107986450195
